ID,Class,Enroll Count,Session,Meeting Days,Meeting Times,Room,Instructor
BMEN1400_301,Software for Biomedical Engineers,20,01/13/2025 - 05/09/2025,Monday,10:00AM to 12:50PM,NTDP F242,"Johnson,Camrie"
BMEN1400_302,Software for Biomedical Engineers,11,01/13/2025 - 05/09/2025,Tuesday,10:00AM to 12:50PM,NTDP F242,"Johnson,Camrie"
BMEN1400_303,Software for Biomedical Engineers,19,01/13/2025 - 05/09/2025,Wednesday,10:00AM to 12:50PM,NTDP F242,"Johnson,Camrie"
BMEN1400_304,Software for Biomedical Engineers,7,01/13/2025 - 05/09/2025,Thursday,10:00AM to 12:50PM,NTDP F242,"Johnson,Camrie"
BMEN1400_305,Software for Biomedical Engineers,8,01/13/2025 - 05/09/2025,Friday,9:30AM to 12:20PM,NTDP F242,"Johnson,Camrie"
BMEN1400_306,Software for Biomedical Engineers,12,01/13/2025 - 05/09/2025,Friday,2:30PM to 5:20PM,NTDP F242,"Johnson,Camrie"
BMEN2210_001,Biomedical Circuits and Data Acquisition Best Prac,9,01/13/2025 - 05/09/2025,Tuesday Thursday,10:30AM to 11:20AM,NTDP D209B,"Vaidyanathan,Vijay V"
BMEN2210_301,Biomedical Circuits and Data Acquisition Best Prac,9,01/13/2025 - 05/09/2025,Thursday,2:00PM to 4:50PM,NTDP F242,"Vaidyanathan,Vijay V"
BMEN2320_001,Biomedical Instrumentation I,56,01/13/2025 - 05/09/2025,Monday Wednesday,11:30AM to 12:50PM,NTDP E266,"Vaidyanathan,Vijay V"
BMEN2320_301,Biomedical Instrumentation I,23,01/13/2025 - 05/09/2025,Monday,2:00PM to 4:50PM,NTDP F242,"Vaidyanathan,Vijay V"
BMEN2320_302,Biomedical Instrumentation I,15,01/13/2025 - 05/09/2025,Tuesday,2:00PM to 4:50PM,NTDP F242,"Vaidyanathan,Vijay V"
BMEN2320_303,Biomedical Instrumentation I,18,01/13/2025 - 05/09/2025,Wednesday,2:00PM to 4:50PM,NTDP F242,"Vaidyanathan,Vijay V"
BMEN3312_001,Introduction to Biomechanics,54,01/13/2025 - 05/09/2025,Friday,12:00PM to 1:40PM,NTDP K110,"Patterson,Rita M"
BMEN3312_301,Introduction to Biomechanics,24,01/13/2025 - 05/09/2025,Monday,11:30AM to 2:20PM,NTDP E225B,"Patterson,Rita M"
BMEN3312_302,Introduction to Biomechanics,22,01/13/2025 - 05/09/2025,Wednesday,11:30AM to 2:20PM,NTDP E225B,"Patterson,Rita M"
BMEN3312_303,Introduction to Biomechanics,8,01/13/2025 - 05/09/2025,Tuesday,8:30AM to 11:20AM,NTDP E225B,"Patterson,Rita M"
BMEN3321_001,Biomaterials,52,01/13/2025 - 05/09/2025,Monday Wednesday,10:00AM to 11:20AM,NTDP B185,"Ecker,Melanie Jennifer susanne mary-jane"
BMEN4000_001,Bioengineering a Superhero,23,01/13/2025 - 05/09/2025,Tuesday Thursday,9:00AM to 10:20AM,NTDP B157,"Vaidyanathan,Vijay V"
BMEN4100_001,Biomedical Mechatronics,16,01/13/2025 - 05/09/2025,Tuesday Thursday,1:00PM to 2:20PM,NTDP K150,"Jafari,Amir"
BMEN4222_001,Senior Design II,50,01/13/2025 - 05/09/2025,Tuesday Thursday,10:30AM to 11:20AM,NTDP K150,"Shi,Xiaodan"
BMEN4222_301,Senior Design II,18,01/13/2025 - 05/09/2025,Monday,9:00AM to 11:50AM,NTDP K130,"Shi,Xiaodan"
BMEN4222_302,Senior Design II,24,01/13/2025 - 05/09/2025,Monday,1:00PM to 3:50PM,NTDP K130,"Shi,Xiaodan"
BMEN4222_303,Senior Design II,8,01/13/2025 - 05/09/2025,Tuesday,11:30AM to 2:20PM,NTDP K130,"Shi,Xiaodan"
BMEN4314_001,Tissue Engineering,17,01/13/2025 - 05/09/2025,Tuesday Thursday,2:30PM to 3:50PM,NTDP B155,"Shi,Xiaodan"
BMEN4319_001,Cardiovascular Flows,3,01/13/2025 - 05/09/2025,Friday,12:00PM to 1:50PM,NTDP B190,"Esmailie,Fateme"
BMEN4319_301,Cardiovascular Flows,0,01/13/2025 - 05/09/2025,Wednesday,2:30PM to 5:20PM,NTDP E225B,"Esmailie,Fateme"
BMEN4319_302,Cardiovascular Flows,3,01/13/2025 - 05/09/2025,Friday,9:00AM to 11:50AM,NTDP E225B,"Esmailie,Fateme"
BMEN4320_001,Biomedical Microelectromechanical Systems,5,01/13/2025 - 05/09/2025,Tuesday Thursday,4:00PM to 5:20PM,NTDP B190,"Yang,Huaxiao"
BMEN4320_301,Biomedical Microelectromechanical Systems,4,01/13/2025 - 05/09/2025,Tuesday,5:30PM to 8:20PM,NTDP E225B,"Yang,Huaxiao"
BMEN4320_302,Biomedical Microelectromechanical Systems,1,01/13/2025 - 05/09/2025,Thursday,5:30PM to 8:20PM,NTDP E225B,"Yang,Huaxiao"
BMEN4326_001,Principles of Biomolecular Engineering,23,01/13/2025 - 05/09/2025,Monday Wednesday,4:00PM to 5:20PM,NTDP E264,"Won,Youngwook"
BMEN5210_001,Biomedical Engineering Laboratory,11,01/13/2025 - 05/09/2025,Tuesday,6:00PM to 6:50PM,NTDP D212,"Berry,Nicole Marie"
BMEN5210_301,Biomedical Engineering Laboratory,7,01/13/2025 - 05/09/2025,Tuesday,2:00PM to 4:50PM,NTDP E225C,"Berry,Nicole Marie"
BMEN5210_302,Biomedical Engineering Laboratory,4,01/13/2025 - 05/09/2025,Thursday,8:30AM to 11:20AM,NTDP E225C,"Berry,Nicole Marie"
BMEN5314_001,Advanced Tissue Engineering and Regenerative Medic,5,01/13/2025 - 05/09/2025,Tuesday Thursday,2:30PM to 3:50PM,NTDP B155,"Shi,Xiaodan"
BMEN5314_601,Advanced Tissue Engineering and Regenerative Medic,1,01/13/2025 - 05/09/2025,Tuesday Thursday,2:30PM to 3:50PM,NTDP B155,"Shi,Xiaodan"
BMEN5317_001,Advanced Biotechnology,11,01/13/2025 - 05/09/2025,Tuesday Thursday,10:00AM to 11:20AM,NTDP B192,"Meckes,Brian Richard"
BMEN5319_001,Cardiovascular Fluid Dynamics,6,01/13/2025 - 05/09/2025,Friday,12:00PM to 1:50PM,NTDP B190,"Esmailie,Fateme"
BMEN5319_301,Cardiovascular Fluid Dynamics,1,01/13/2025 - 05/09/2025,Wednesday,2:30PM to 5:20PM,NTDP E225B,"Esmailie,Fateme"
BMEN5319_302,Cardiovascular Fluid Dynamics,5,01/13/2025 - 05/09/2025,Friday,9:00AM to 11:50AM,NTDP E225B,"Esmailie,Fateme"
BMEN5319_601,Cardiovascular Fluid Dynamics,1,01/13/2025 - 05/09/2025,Friday,12:00PM to 1:50PM,NTDP B190,"Esmailie,Fateme"
BMEN5319_602,Cardiovascular Fluid Dynamics,0,01/13/2025 - 05/09/2025,Wednesday,2:30PM to 5:20PM,NTDP E225B,"Esmailie,Fateme"
BMEN5319_603,Cardiovascular Fluid Dynamics,1,01/13/2025 - 05/09/2025,Friday,9:00AM to 11:50AM,NTDP E225B,"Esmailie,Fateme"
BMEN5322_001,Medical Imaging,8,01/13/2025 - 05/09/2025,Monday Wednesday,10:00AM to 11:20AM,NTDP D202,"Li,Lin"
BMEN5324_001,Applications of Biomedical MEMS,3,01/13/2025 - 05/09/2025,Tuesday Thursday,4:00PM to 5:20PM,NTDP B190,"Yang,Huaxiao"
BMEN5324_601,Applications of Biomedical MEMS,4,01/13/2025 - 05/09/2025,Tuesday Thursday,4:00PM to 5:20PM,NTDP B190,"Yang,Huaxiao"
BMEN5325_001,Biomedical Nanotechnology Compatibility,9,01/13/2025 - 05/09/2025,Monday Wednesday,2:30PM to 3:50PM,NTDP D202,"Yang,Yong"
BMEN5325_601,Biomedical Nanotechnology Compatibility,2,01/13/2025 - 05/09/2025,Monday Wednesday,2:30PM to 3:50PM,NTDP D202,"Yang,Yong"
BMEN5326_001,Biomolecular Engineering,12,01/13/2025 - 05/09/2025,Monday Wednesday,4:00PM to 5:20PM,NTDP E264,"Won,Youngwook"
BMEN5326_601,Biomolecular Engineering,2,01/13/2025 - 05/09/2025,Monday Wednesday,4:00PM to 5:20PM,NTDP E264,"Won,Youngwook"
BMEN5330_001,Three-Dimensional Bioprinting,29,01/13/2025 - 05/09/2025,Tuesday,11:30AM to 2:20PM,NTDP D201,"Lee,Moo-yeal David"
BMEN5331_001,Drug Delivery and Nanomedicine,31,01/13/2025 - 05/09/2025,Wednesday,11:30AM to 2:20PM,NTDP B192,"Habibi,Neda"
BMEN5800_003,Topics in Biomedical Engineering,1,01/13/2025 - 05/09/2025,Friday,1:00PM to 3:50PM,NTDP B157,"Chan,Tsz yan clement"
BMEN5940_001,Biomedical Engineering Seminar,10,01/13/2025 - 05/09/2025,Thursday,12:30PM to 1:20PM,NTDP D201,"Shi,Xiaodan"
BMEN6930_001,Translational Biomedical Engineering,3,01/13/2025 - 05/09/2025,Friday,1:00PM to 3:50PM,NTDP B157,"Chan,Tsz yan clement"
BMEN6940_001,Biomedical Engineering Doctoral Seminar,8,01/13/2025 - 05/09/2025,Thursday,12:30PM to 1:20PM,NTDP D201,"Shi,Xiaodan"
CSCE1030_001,Computer Science I,106,01/13/2025 - 05/09/2025,Tuesday Thursday,8:00AM to 9:20AM,Env   125,"Maharjan,Amar"
CSCE1030_002,Computer Science I,103,01/13/2025 - 05/09/2025,Monday Wednesday,8:00AM to 9:20AM,BLB   155,"Maharjan,Amar"
CSCE1030_003,Computer Science I,106,01/13/2025 - 05/09/2025,Tuesday Thursday,5:30PM to 6:50PM,Env   125,"Maharjan,Amar"
CSCE1030_004,Computer Science I,104,01/13/2025 - 05/09/2025,Tuesday Thursday,8:00AM to 9:20AM,BLB   170,"Sarkar,Subharag"
CSCE1030_005,Computer Science I,76,01/13/2025 - 05/09/2025,Monday Wednesday,3:00PM to 4:20PM,CHEM  352,"Sarkar,Subharag"
CSCE1030_301,Computer Science I,19,01/13/2025 - 05/09/2025,Monday,8:30AM to 11:20AM,NTDP F218,"Maharjan,Amar"
CSCE1030_302,Computer Science I,20,01/13/2025 - 05/09/2025,Monday,11:30AM to 2:20PM,NTDP F222,"Maharjan,Amar"
CSCE1030_303,Computer Science I,28,01/13/2025 - 05/09/2025,Monday,2:30PM to 5:20PM,NTDP F222,"Maharjan,Amar"
CSCE1030_304,Computer Science I,32,01/13/2025 - 05/09/2025,Wednesday,2:30PM to 5:20PM,NTDP F223,"Maharjan,Amar"
CSCE1030_305,Computer Science I,29,01/13/2025 - 05/09/2025,Tuesday,11:30AM to 2:20PM,NTDP F223,"Maharjan,Amar"
CSCE1030_306,Computer Science I,24,01/13/2025 - 05/09/2025,Wednesday,5:30PM to 8:20PM,NTDP F210,"Maharjan,Amar"
CSCE1030_308,Computer Science I,30,01/13/2025 - 05/09/2025,Wednesday,11:30AM to 2:20PM,NTDP F218,"Maharjan,Amar"
CSCE1030_309,Computer Science I,9,01/13/2025 - 05/09/2025,Thursday,8:30AM to 11:20AM,NTDP F223,"Maharjan,Amar"
CSCE1030_310,Computer Science I,28,01/13/2025 - 05/09/2025,Wednesday,2:30PM to 5:20PM,NTDP F218,"Maharjan,Amar"
CSCE1030_311,Computer Science I,32,01/13/2025 - 05/09/2025,Thursday,11:30AM to 2:20PM,NTDP F222,"Maharjan,Amar"
CSCE1030_312,Computer Science I,11,01/13/2025 - 05/09/2025,Friday,8:30AM to 11:20AM,NTDP F218,"Maharjan,Amar"
CSCE1030_313,Computer Science I,9,01/13/2025 - 05/09/2025,Thursday,2:30PM to 5:20PM,NTDP F222,"Maharjan,Amar"
CSCE1030_314,Computer Science I,15,01/13/2025 - 05/09/2025,Friday,11:30AM to 2:20PM,NTDP F270,"Maharjan,Amar"
CSCE1030_315,Computer Science I,34,01/13/2025 - 05/09/2025,Thursday,2:30PM to 5:20PM,NTDP F218,"Sarkar,Subharag"
CSCE1030_316,Computer Science I,15,01/13/2025 - 05/09/2025,Monday,10:30AM to 1:20PM,NTDP F236,"Maharjan,Amar"
CSCE1030_317,Computer Science I,14,01/13/2025 - 05/09/2025,Tuesday,8:30AM to 11:20AM,NTDP F223,"Maharjan,Amar"
CSCE1030_318,Computer Science I,29,01/13/2025 - 05/09/2025,Friday,11:30AM to 2:20PM,NTDP F218,"Sarkar,Subharag"
CSCE1030_319,Computer Science I,41,01/13/2025 - 05/09/2025,Tuesday,2:30PM to 5:20PM,NTDP F243,"Sarkar,Subharag"
CSCE1030_320,Computer Science I,24,01/13/2025 - 05/09/2025,Monday,5:30PM to 8:20PM,NTDP F210,"Sarkar,Subharag"
CSCE1030_321,Computer Science I,30,01/13/2025 - 05/09/2025,Thursday,8:30AM to 11:20AM,NTDP F222,"Sarkar,Subharag"
CSCE1030_322,Computer Science I,22,01/13/2025 - 05/09/2025,Tuesday,2:30PM to 5:20PM,NTDP F223,"Sarkar,Subharag"
CSCE1040_001,Computer Science II,77,01/13/2025 - 05/09/2025,Monday Wednesday,8:00AM to 9:20AM,Env   110,"Wang,Haili"
CSCE1040_002,Computer Science II,103,01/13/2025 - 05/09/2025,Monday Wednesday,4:00PM to 5:20PM,Env   125,"Wang,Haili"
CSCE1040_003,Computer Science II,50,01/13/2025 - 05/09/2025,Tuesday Thursday,8:00AM to 9:20AM,CHEM  106,"Mosquera Ferrandiz,Fernando"
CSCE1040_303,Computer Science II,22,01/13/2025 - 05/09/2025,Monday,5:30PM to 8:20PM,NTDP F222,"Wang,Haili"
CSCE1040_304,Computer Science II,32,01/13/2025 - 05/09/2025,Tuesday,11:30AM to 2:20PM,NTDP F222,"Wang,Haili"
CSCE1040_306,Computer Science II,6,01/13/2025 - 05/09/2025,Tuesday,2:30PM to 5:20PM,NTDP F222,"Mosquera Ferrandiz,Fernando"
CSCE1040_308,Computer Science II,9,01/13/2025 - 05/09/2025,Wednesday,8:30AM to 11:20AM,NTDP F270,"Wang,Haili"
CSCE1040_309,Computer Science II,31,01/13/2025 - 05/09/2025,Wednesday,11:30AM to 2:20PM,NTDP F222,"Wang,Haili"
CSCE1040_310,Computer Science II,31,01/13/2025 - 05/09/2025,Thursday,11:30AM to 2:20PM,NTDP F223,"Wang,Haili"
CSCE1040_311,Computer Science II,21,01/13/2025 - 05/09/2025,Thursday,2:30PM to 5:20PM,NTDP F223,"Mosquera Ferrandiz,Fernando"
CSCE1040_312,Computer Science II,18,01/13/2025 - 05/09/2025,Friday,11:30AM to 2:20PM,NTDP F223,"Wang,Haili"
CSCE1040_313,Computer Science II,23,01/13/2025 - 05/09/2025,Wednesday,10:30AM to 1:20PM,NTDP F236,"Wang,Haili"
CSCE1040_314,Computer Science II,14,01/13/2025 - 05/09/2025,Tuesday,8:30AM to 11:20AM,NTDP F210,"Wang,Haili"
CSCE1040_315,Computer Science II,11,01/13/2025 - 05/09/2025,Friday,2:30PM to 5:20PM,NTDP F270,"Mosquera Ferrandiz,Fernando"
CSCE1040_318,Computer Science II,12,01/13/2025 - 05/09/2025,Tuesday,2:30PM to 5:20PM,NTDP F270,"Mosquera Ferrandiz,Fernando"
CSCE2100_001,Foundations of Computing,80,01/13/2025 - 05/09/2025,Monday Wednesday,8:00AM to 9:20AM,BLB   090,"Quevedo,Ubaldo"
CSCE2100_002,Foundations of Computing,80,01/13/2025 - 05/09/2025,Tuesday Thursday,8:00AM to 9:20AM,LIFE A106,"Mokarram dorri,Bahareh"
CSCE2100_003,Foundations of Computing,80,01/13/2025 - 05/09/2025,Monday Wednesday,4:00PM to 5:20PM,LIFE A106,"Quevedo,Ubaldo"
CSCE2100_202,Foundations of Computing,23,01/13/2025 - 05/09/2025,Monday,12:30PM to 1:20PM,NTDP F210,"Quevedo,Ubaldo"
CSCE2100_203,Foundations of Computing,40,01/13/2025 - 05/09/2025,Tuesday,10:00AM to 11:20AM,NTDP F218,"Mokarram dorri,Bahareh"
CSCE2100_204,Foundations of Computing,24,01/13/2025 - 05/09/2025,Friday,9:30AM to 10:20AM,NTDP F210,"Quevedo,Ubaldo"
CSCE2100_205,Foundations of Computing,9,01/13/2025 - 05/09/2025,Monday,9:30AM to 10:20AM,NTDP F236,"Mokarram dorri,Bahareh"
CSCE2100_206,Foundations of Computing,32,01/13/2025 - 05/09/2025,Thursday,10:30AM to 11:20AM,NTDP F243,"Quevedo,Ubaldo"
CSCE2100_207,Foundations of Computing,31,01/13/2025 - 05/09/2025,Thursday,10:00AM to 11:20AM,NTDP F270,"Mokarram dorri,Bahareh"
CSCE2100_208,Foundations of Computing,29,01/13/2025 - 05/09/2025,Monday,12:30PM to 1:20PM,NTDP F243,"Quevedo,Ubaldo"
CSCE2100_209,Foundations of Computing,28,01/13/2025 - 05/09/2025,Tuesday,10:00AM to 11:20AM,NTDP F222,"Quevedo,Ubaldo"
CSCE2100_210,Foundations of Computing,24,01/13/2025 - 05/09/2025,Tuesday,10:30AM to 11:20AM,NTDP F236,"Quevedo,Ubaldo"
CSCE2110_001,Foundations of Data Structures,79,01/13/2025 - 05/09/2025,Monday Wednesday,2:00PM to 3:20PM,Env   110,"Chambers,Curtis"
CSCE2110_002,Foundations of Data Structures,78,01/13/2025 - 05/09/2025,Monday Wednesday,9:30AM to 10:50AM,Env   125,"Chambers,Curtis"
CSCE2110_003,Foundations of Data Structures,45,01/13/2025 - 05/09/2025,Monday Wednesday,8:00AM to 9:20AM,BLB   015,"Chambers,Curtis"
CSCE2110_201,Foundations of Data Structures,28,01/13/2025 - 05/09/2025,Monday,5:30PM to 6:20PM,NTDP F223,"Chambers,Curtis"
CSCE2110_202,Foundations of Data Structures,25,01/13/2025 - 05/09/2025,Wednesday,5:30PM to 6:20PM,NTDP B140,"Chambers,Curtis"
CSCE2110_203,Foundations of Data Structures,27,01/13/2025 - 05/09/2025,Monday,6:30PM to 7:20PM,NTDP F223,"Chambers,Curtis"
CSCE2110_204,Foundations of Data Structures,13,01/13/2025 - 05/09/2025,Wednesday,6:30PM to 7:20PM,NTDP F223,"Chambers,Curtis"
CSCE2110_205,Foundations of Data Structures,24,01/13/2025 - 05/09/2025,Tuesday,2:30PM to 3:20PM,NTDP F236,"Chambers,Curtis"
CSCE2110_206,Foundations of Data Structures,1,01/13/2025 - 05/09/2025,Tuesday,3:30PM to 4:20PM,NTDP F236,"Chambers,Curtis"
CSCE2110_207,Foundations of Data Structures,24,01/13/2025 - 05/09/2025,Tuesday,4:30PM to 5:20PM,NTDP F236,"Chambers,Curtis"
CSCE2110_208,Foundations of Data Structures,40,01/13/2025 - 05/09/2025,Monday,11:30AM to 12:20PM,NTDP F243,"Chambers,Curtis"
CSCE2110_209,Foundations of Data Structures,20,01/13/2025 - 05/09/2025,Monday,10:30AM to 11:20AM,NTDP F243,"Chambers,Curtis"
CSCE2610_001,Assembly Language and Computer Organization,63,01/13/2025 - 05/09/2025,Tuesday Thursday,2:30PM to 3:50PM,NTDP E265,"James,Gary Thomas"
CSCE2610_002,Assembly Language and Computer Organization,55,01/13/2025 - 05/09/2025,Monday Wednesday,2:30PM to 3:50PM,NTDP B140,"James,Gary Thomas"
CSCE2610_003,Assembly Language and Computer Organization,69,01/13/2025 - 05/09/2025,Monday Wednesday,4:00PM to 5:20PM,NTDP E265,"Shrestha,Pradhumna Lal"
CSCE2610_201,Assembly Language and Computer Organization,39,01/13/2025 - 05/09/2025,Wednesday,10:30AM to 11:20AM,NTDP F243,"James,Gary Thomas"
CSCE2610_202,Assembly Language and Computer Organization,32,01/13/2025 - 05/09/2025,Wednesday,11:30AM to 12:20PM,NTDP F243,"James,Gary Thomas"
CSCE2610_203,Assembly Language and Computer Organization,35,01/13/2025 - 05/09/2025,Wednesday,12:30PM to 1:20PM,NTDP F270,"Shrestha,Pradhumna Lal"
CSCE2610_204,Assembly Language and Computer Organization,23,01/13/2025 - 05/09/2025,Wednesday,1:30PM to 2:20PM,NTDP F210,"James,Gary Thomas"
CSCE2610_205,Assembly Language and Computer Organization,24,01/13/2025 - 05/09/2025,Monday,11:30AM to 12:20PM,NTDP F210,"James,Gary Thomas"
CSCE2610_206,Assembly Language and Computer Organization,34,01/13/2025 - 05/09/2025,Monday,10:30AM to 11:20AM,NTDP F270,"Shrestha,Pradhumna Lal"
CSCE3020_001,Communications Systems,37,01/13/2025 - 05/09/2025,Monday Wednesday,7:00PM to 8:20PM,NTDP D201,"Akl,Robert"
CSCE3020_201,Communications Systems,17,01/13/2025 - 05/09/2025,Friday,1:30PM to 2:20PM,NTDP F210,"Akl,Robert"
CSCE3020_202,Communications Systems,20,01/13/2025 - 05/09/2025,Friday,12:30PM to 1:20PM,NTDP F210,"Akl,Robert"
CSCE3055_001,IT Project Management,47,01/13/2025 - 05/09/2025,Monday Wednesday,2:00PM to 3:20PM,NTDP E264,"Gooranorimi,Hadiseh"
CSCE3110_002,Data Structures and Algorithms,47,01/13/2025 - 05/09/2025,Tuesday Thursday,10:00AM to 11:20AM,NTDP B190,"Tariq,Zeenat"
CSCE3214_001,Software Development for Artificial Intelligence,19,01/13/2025 - 05/09/2025,Tuesday Thursday,2:30PM to 3:50PM,NTDP B192,"Bera,Tanmay"
CSCE3220_001,Human Computer Interfaces,34,01/13/2025 - 05/09/2025,Tuesday Thursday,8:30AM to 9:50AM,NTDP D201,"Murali,Beddhu"
CSCE3444_001,Software Engineering,80,01/13/2025 - 05/09/2025,Tuesday Thursday,11:30AM to 12:50PM,NTDP E265,"Amini salehi,Mohsen"
CSCE3444_002,Software Engineering,80,01/13/2025 - 05/09/2025,Friday,5:30PM to 8:20PM,NTDP E265,"Sykalski,Lewis Alan"
CSCE3444_003,Software Engineering,52,01/13/2025 - 05/09/2025,Friday,11:30AM to 2:20PM,NTDP B155,"Doran,Jonathon"
CSCE3530_001,Introduction to Computer Networks,56,01/13/2025 - 05/09/2025,Monday Wednesday,1:00PM to 2:20PM,NTDP B142,"Shastri,Supreeth"
CSCE3530_002,Introduction to Computer Networks,54,01/13/2025 - 05/09/2025,Monday Wednesday,4:00PM to 5:20PM,NTDP D201,"Pottathuparambil,Robin Jacob"
CSCE3550_001,Foundations of Cybersecurity,118,01/13/2025 - 05/09/2025,Wednesday,5:30PM to 8:20PM,NTDP B155,"Ben othmane,Lotfi"
CSCE3550_002,Foundations of Cybersecurity,56,01/13/2025 - 05/09/2025,Tuesday Thursday,2:30PM to 3:50PM,NTDP D201,"Hochstetler,Jacob"
CSCE3550_203,Foundations of Cybersecurity,24,01/13/2025 - 05/09/2025,Wednesday,4:30PM to 5:20PM,NTDP F236,"Ben othmane,Lotfi"
CSCE3550_204,Foundations of Cybersecurity,26,01/13/2025 - 05/09/2025,Wednesday,3:30PM to 4:20PM,NTDP F222,"Ben othmane,Lotfi"
CSCE3550_206,Foundations of Cybersecurity,44,01/13/2025 - 05/09/2025,Wednesday,4:30PM to 5:20PM,NTDP F222,"Ben othmane,Lotfi"
CSCE3550_207,Foundations of Cybersecurity,16,01/13/2025 - 05/09/2025,Wednesday,3:30PM to 4:20PM,NTDP F236,"Ben othmane,Lotfi"
CSCE3550_208,Foundations of Cybersecurity,8,01/13/2025 - 05/09/2025,Friday,3:30PM to 4:20PM,NTDP F236,"Ben othmane,Lotfi"
CSCE3550_209,Foundations of Cybersecurity,56,01/13/2025 - 05/09/2025,Thursday,1:30PM to 2:20PM,NTDP F218,"Hochstetler,Jacob"
CSCE3560_001,Cloud Security,37,01/13/2025 - 05/09/2025,Monday Wednesday,10:00AM to 11:20AM,NTDP K110,"Tunc,Cihan"
CSCE3600_001,Principles of Systems Programming,73,01/13/2025 - 05/09/2025,Monday Wednesday,1:00PM to 2:20PM,NTDP E266,"Sarkar,Subharag"
CSCE3600_002,Principles of Systems Programming,60,01/13/2025 - 05/09/2025,Tuesday Thursday,2:30PM to 3:50PM,NTDP K110,"Sarkar,Subharag"
CSCE3600_003,Principles of Systems Programming,67,01/13/2025 - 05/09/2025,Monday Wednesday,8:30AM to 9:50AM,NTDP K110,"Mosquera Ferrandiz,Fernando"
CSCE3600_004,Principles of Systems Programming,46,01/13/2025 - 05/09/2025,Tuesday Thursday,11:30AM to 12:50PM,NTDP K110,"Sarkar,Subharag"
CSCE3600_201,Principles of Systems Programming,25,01/13/2025 - 05/09/2025,Monday,9:30AM to 10:20AM,NTDP F270,"Sarkar,Subharag"
CSCE3600_202,Principles of Systems Programming,24,01/13/2025 - 05/09/2025,Wednesday,9:30AM to 10:20AM,NTDP F236,"Sarkar,Subharag"
CSCE3600_204,Principles of Systems Programming,18,01/13/2025 - 05/09/2025,Tuesday,9:30AM to 10:20AM,NTDP F236,"Sarkar,Subharag"
CSCE3600_205,Principles of Systems Programming,10,01/13/2025 - 05/09/2025,Thursday,9:30AM to 10:20AM,NTDP F236,"Sarkar,Subharag"
CSCE3600_206,Principles of Systems Programming,24,01/13/2025 - 05/09/2025,Tuesday,11:30AM to 12:20PM,NTDP F210,"Sarkar,Subharag"
CSCE3600_207,Principles of Systems Programming,32,01/13/2025 - 05/09/2025,Thursday,11:30AM to 12:20PM,NTDP F218,"Sarkar,Subharag"
CSCE3600_208,Principles of Systems Programming,32,01/13/2025 - 05/09/2025,Monday,12:00PM to 12:50PM,NTDP B140,"Mosquera Ferrandiz,Fernando"
CSCE3600_209,Principles of Systems Programming,35,01/13/2025 - 05/09/2025,Wednesday,10:30AM to 11:20AM,NTDP F218,"Mosquera Ferrandiz,Fernando"
CSCE3600_210,Principles of Systems Programming,26,01/13/2025 - 05/09/2025,Tuesday,10:30AM to 11:20AM,NTDP B142,"Sarkar,Subharag"
CSCE3600_211,Principles of Systems Programming,20,01/13/2025 - 05/09/2025,Wednesday,2:30PM to 3:20PM,NTDP F222,"Sarkar,Subharag"
CSCE3605_001,Systems Administration,29,01/13/2025 - 05/09/2025,Tuesday,5:30PM to 8:20PM,NTDP B192,"Hoffman,Mark Desmond"
CSCE3610_001,Introduction to Computer Architecture,4,01/13/2025 - 05/09/2025,Monday Wednesday,4:00PM to 5:20PM,NTDP B158,"Mosquera Ferrandiz,Fernando"
CSCE3612_001,Embedded Systems Design,27,01/13/2025 - 05/09/2025,Tuesday Thursday,10:00AM to 11:20AM,NTDP D201,"Pottathuparambil,Robin Jacob"
CSCE3612_201,Embedded Systems Design,12,01/13/2025 - 05/09/2025,Thursday,11:30AM to 12:50PM,NTDP F243,"Pottathuparambil,Robin Jacob"
CSCE3612_202,Embedded Systems Design,12,01/13/2025 - 05/09/2025,Thursday,1:00PM to 2:20PM,NTDP F243,"Pottathuparambil,Robin Jacob"
CSCE3612_203,Embedded Systems Design,3,01/13/2025 - 05/09/2025,Thursday,2:30PM to 3:50PM,NTDP F243,"Pottathuparambil,Robin Jacob"
CSCE3615_001,Enterprise Systems Architecture and Design,48,01/13/2025 - 05/09/2025,Monday Wednesday,10:00AM to 11:20AM,NTDP D201,"Gooranorimi,Hadiseh"
CSCE4010_001,Social Issues in Computing,40,01/13/2025 - 05/09/2025,Monday Wednesday,2:30PM to 3:50PM,NTDP E265,"Doran,Jonathon"
CSCE4050_001,Applications of Cryptography,35,01/13/2025 - 05/09/2025,Thursday,5:30PM to 8:20PM,NTDP B155,"Morozov,Kirill"
CSCE4110_001,Algorithms,111,01/13/2025 - 05/09/2025,Monday Wednesday,1:00PM to 2:20PM,NTDP K150,"Mokarram dorri,Bahareh"
CSCE4110_002,Algorithms,80,01/13/2025 - 05/09/2025,Monday Wednesday,9:30AM to 10:50AM,NTDP E265,"Mokarram dorri,Bahareh"
CSCE4201_001,Introduction to Artificial Intelligence,76,01/13/2025 - 05/09/2025,Tuesday Thursday,4:00PM to 5:20PM,NTDP K120,"Pears,Russel Lawrence"
CSCE4201_002,Introduction to Artificial Intelligence,11,01/13/2025 - 05/09/2025,Friday,8:30AM to 11:20AM,NTDP E265,"Liu,Zhuqing"
CSCE4205_001,Introduction to Machine Learning,17,01/13/2025 - 05/09/2025,Tuesday Thursday,1:00PM to 2:20PM,NTDP B155,"Tymoshchuk,Pavlo"
CSCE4205_002,Introduction to Machine Learning,25,01/13/2025 - 05/09/2025,Monday Wednesday,5:30PM to 6:50PM,NTDP E264,"Rattani,Ajita"
CSCE4220_001,Game Programming II,10,01/13/2025 - 05/09/2025,Tuesday Thursday,1:00PM to 2:20PM,NTDP F204,"Chambers,Curtis"
CSCE4240_001,Introduction to Digital Image Processing,36,01/13/2025 - 05/09/2025,Tuesday Thursday,1:00PM to 2:20PM,NTDP B192,"Yuan,Xiaohui"
CSCE4250_001,Topics in Game Development,10,01/13/2025 - 05/09/2025,Tuesday Thursday,2:30PM to 3:50PM,NTDP F204,"Doran,Jonathon"
CSCE4290_001,Introduction to Natural Language Processing,20,01/13/2025 - 05/09/2025,Tuesday Thursday,8:30AM to 9:50AM,NTDP E265,"Tariq,Zeenat"
CSCE4290_002,Introduction to Natural Language Processing,2,01/13/2025 - 05/09/2025,Wednesday,5:30PM to 8:20PM,NTDP K110,"Ray choudhury,Sagnik"
CSCE4300_001,Intro to Big Data and Data Science,0,01/13/2025 - 05/09/2025,Tuesday,5:30PM to 8:20PM,NTDP E264,"Tariq,Zeenat"
CSCE4380_001,Data Mining,6,01/13/2025 - 05/09/2025,Monday Wednesday,1:00PM to 2:20PM,NTDP K110,"Eldow,Moawia"
CSCE4460_001,Software Testing and Empirical Methodologies,37,01/13/2025 - 05/09/2025,Tuesday Thursday,10:00AM to 11:20AM,NTDP E265,"Jalali,Hamed"
CSCE4535_001,Introduction to Network Administration,19,01/13/2025 - 05/09/2025,Monday,5:30PM to 8:20PM,NTDP B192,"Yang,Qing"
CSCE4555_001,Computer Forensics,28,01/13/2025 - 05/09/2025,Tuesday Thursday,1:00PM to 2:20PM,NTDP B190,"Frenzel,Ervin H"
CSCE4560_001,Secure Electronic Commerce,13,01/13/2025 - 05/09/2025,Tuesday,5:30PM to 8:20PM,NTDP E266,"Zarafshani,Ali"
CSCE4560_002,Secure Electronic Commerce,14,01/13/2025 - 05/09/2025,Wednesday,2:00PM to 4:50PM,BLB   170,"Zarafshani,Ali"
CSCE4565_001,Secure Software Development,17,01/13/2025 - 05/09/2025,Friday,8:30AM to 11:20AM,NTDP K150,"Ben othmane,Lotfi"
CSCE4565_002,Secure Software Development,4,01/13/2025 - 05/09/2025,Wednesday,10:30AM to 1:20PM,NTDP F210,"Ben othmane,Lotfi"
CSCE4600_001,Introduction to Operating Systems,70,01/13/2025 - 05/09/2025,Monday Wednesday,8:30AM to 9:50AM,NTDP E266,"Doran,Jonathon"
CSCE4600_201,Introduction to Operating Systems,23,01/13/2025 - 05/09/2025,Monday,5:30PM to 6:20PM,NTDP B142,"Doran,Jonathon"
CSCE4600_203,Introduction to Operating Systems,23,01/13/2025 - 05/09/2025,Wednesday,5:30PM to 6:20PM,NTDP F236,"Doran,Jonathon"
CSCE4600_205,Introduction to Operating Systems,24,01/13/2025 - 05/09/2025,Friday,2:30PM to 3:20PM,NTDP F222,"Doran,Jonathon"
CSCE4610_001,Computer Architecture,17,01/13/2025 - 05/09/2025,Monday Wednesday,4:00PM to 5:20PM,NTDP K120,"Jiang,Beilei"
CSCE4650_001,Introduction to Compilation Techniques,26,01/13/2025 - 05/09/2025,Monday Wednesday,2:30PM to 3:50PM,NTDP K110,"Maharjan,Amar"
CSCE4820_001,Advances in Bioinformatics,0,01/13/2025 - 05/09/2025,Monday,9:30AM to 12:20PM,NTDP D212,"Bozdag,Serdar"
CSCE4902_001,Software Development Capstone II,77,01/13/2025 - 05/09/2025,Tuesday Thursday,10:00AM to 11:20AM,NTDP B185,"Ludi,Stephanie Ann"
CSCE4902_002,Software Development Capstone II,43,01/13/2025 - 05/09/2025,Monday Wednesday,9:30AM to 10:50AM,NTDP F260,"Aljedaani Sr.,Wajdi Mohammed"
CSCE4902_003,Software Development Capstone II,81,01/13/2025 - 05/09/2025,Monday Wednesday,1:00PM to 2:20PM,NTDP B185,"Aljedaani Sr.,Wajdi Mohammed"
CSCE4915_001,Computer Engineering Design II,17,01/13/2025 - 05/09/2025,Tuesday Thursday,4:00PM to 5:20PM,NTDP F260,"Pottathuparambil,Robin Jacob"
CSCE4915_002,Computer Engineering Design II,13,01/13/2025 - 05/09/2025,Tuesday Thursday,12:30PM to 1:50PM,NTDP F260,"Shrestha,Pradhumna Lal"
CSCE4925_001,Information Technology Capstone II,37,01/13/2025 - 05/09/2025,Monday Wednesday,2:30PM to 3:50PM,NTDP F260,"Keathly,David Mark"
CSCE4927_001,Cybersecurity Capstone II,26,01/13/2025 - 05/09/2025,Tuesday Thursday,2:00PM to 3:20PM,NTDP F260,"Shrestha,Pradhumna Lal"
CSCE4930_001,Topics in Computer Science and Engineering,0,01/13/2025 - 05/09/2025,Thursday,6:00PM to 8:50PM,Cury  210,"Azad,Rajeev Kumar"
CSCE5050_001,Applications of Cryptography,59,01/13/2025 - 05/09/2025,Thursday,5:30PM to 8:20PM,NTDP B155,"Morozov,Kirill"
CSCE5150_001,Analysis of Computer Algorithms,58,01/13/2025 - 05/09/2025,Friday,8:30AM to 11:20AM,NTDP B155,"Jiang,Beilei"
CSCE5150_002,Analysis of Computer Algorithms,21,01/13/2025 - 05/09/2025,Thursday,10:00AM to 12:50PM,NTDP B155,"Guo,Xuan"
CSCE5150_003,Analysis of Computer Algorithms,90,01/13/2025 - 05/09/2025,Tuesday,5:30PM to 8:20PM,NTDP K150,"Eldow,Moawia"
CSCE5150_005,Analysis of Computer Algorithms,80,01/13/2025 - 05/09/2025,Friday,2:30PM to 5:20PM,NTDP K150,"Jiang,Beilei"
CSCE5160_001,Parallel Processing and Algorithms,28,01/13/2025 - 05/09/2025,Tuesday,11:30AM to 2:20PM,NTDP E266,"Wang,Haili"
CSCE5170_001,Graph Theory,72,01/13/2025 - 05/09/2025,Tuesday,5:30PM to 8:20PM,NTDP B155,"Bhowmick,Sanjukta"
CSCE5170_002,Graph Theory,29,01/13/2025 - 05/09/2025,Monday Wednesday,2:30PM to 3:50PM,NTDP K120,"Mizaeinia,Amir"
CSCE5200_001,Information Retrieval and Web Search,58,01/13/2025 - 05/09/2025,Friday,9:00AM to 11:50AM,NTDP K110,"Li,Yuan"
CSCE5210_001,Fundamentals of Artificial Intelligence,18,01/13/2025 - 05/09/2025,Tuesday Thursday,4:00PM to 5:20PM,NTDP K120,"Pears,Russel Lawrence"
CSCE5210_002,Fundamentals of Artificial Intelligence,42,01/13/2025 - 05/09/2025,Friday,8:30AM to 11:20AM,NTDP E265,"Liu,Zhuqing"
CSCE5210_003,Fundamentals of Artificial Intelligence,48,01/13/2025 - 05/09/2025,Tuesday,11:30AM to 2:20PM,NTDP B185,"Liu,Zhuqing"
CSCE5214_001,Software Development for Artificial Intelligence,165,01/13/2025 - 05/09/2025,Tuesday Thursday,2:30PM to 3:50PM,NTDP K150,"Ben othmane,Lotfi"
CSCE5214_002,Software Development for Artificial Intelligence,56,01/13/2025 - 05/09/2025,Friday,2:30PM to 5:20PM,NTDP K120,"Murali,Beddhu"
CSCE5215_001,Machine Learning,23,01/13/2025 - 05/09/2025,Monday,5:30PM to 8:20PM,NTDP B185,"Pears,Russel Lawrence"
CSCE5215_002,Machine Learning,55,01/13/2025 - 05/09/2025,Monday Wednesday,5:30PM to 6:50PM,NTDP E264,"Rattani,Ajita"
CSCE5215_003,Machine Learning,53,01/13/2025 - 05/09/2025,Wednesday,2:30PM to 5:20PM,NTDP E266,"Cui,Xinrui"
CSCE5215_004,Machine Learning,30,01/13/2025 - 05/09/2025,Tuesday,5:30PM to 8:20PM,NTDP K120,"Shi,Weishi"
CSCE5215_007,Machine Learning,70,01/13/2025 - 05/09/2025,Tuesday Thursday,1:00PM to 2:20PM,NTDP B155,"Tymoshchuk,Pavlo"
CSCE5215_600,Machine Learning,1,01/13/2025 - 05/09/2025,Monday,5:30PM to 8:20PM,NTDP B185,"Pears,Russel Lawrence"
CSCE5218_001,Deep Learning,79,01/13/2025 - 05/09/2025,Monday,2:30PM to 5:20PM,NTDP E266,"Huang,Yan"
CSCE5218_004,Deep Learning,64,01/13/2025 - 05/09/2025,Tuesday Thursday,1:00PM to 2:20PM,NTDP K110,"Fan,Heng"
CSCE5222_001,Feature Engineering,49,01/13/2025 - 05/09/2025,Tuesday Thursday,8:30AM to 9:50AM,NTDP E266,"Li,Yuan"
CSCE5222_002,Feature Engineering,47,01/13/2025 - 05/09/2025,Tuesday Thursday,4:00PM to 5:20PM,NTDP E266,"Li,Yuan"
CSCE5230_001,Methods of Numerical Computations,9,01/13/2025 - 05/09/2025,Monday Wednesday,9:30AM to 10:50AM,Lang  312,"He,Yanyan"
CSCE5265_001,Advanced Topics in Game Development,0,01/13/2025 - 05/09/2025,Tuesday Thursday,2:30PM to 3:50PM,NTDP F204,"Doran,Jonathon"
CSCE5290_001,Natural Language Processing,56,01/13/2025 - 05/09/2025,Monday Wednesday,10:00AM to 11:20AM,NTDP E266,"Hartmann,Frederik"
CSCE5290_002,Natural Language Processing,54,01/13/2025 - 05/09/2025,Wednesday,5:30PM to 8:20PM,NTDP K110,"Ray choudhury,Sagnik"
CSCE5290_003,Natural Language Processing,60,01/13/2025 - 05/09/2025,Tuesday Thursday,8:30AM to 9:50AM,NTDP E265,"Tariq,Zeenat"
CSCE5300_001,Introduction to Big Data and Data Science,65,01/13/2025 - 05/09/2025,Wednesday,8:30AM to 11:20AM,NTDP K150,"Feng,Yunhe"
CSCE5300_004,Introduction to Big Data and Data Science,60,01/13/2025 - 05/09/2025,Saturday,11:30AM to 2:20PM,NTDP E265,"Tymoshchuk,Pavlo"
CSCE5300_005,Introduction to Big Data and Data Science,80,01/13/2025 - 05/09/2025,Wednesday,5:30PM to 8:20PM,NTDP E266,"Tymoshchuk,Pavlo"
CSCE5300_006,Introduction to Big Data and Data Science,49,01/13/2025 - 05/09/2025,Tuesday,5:30PM to 8:20PM,NTDP E264,"Tariq,Zeenat"
CSCE5310_001,Methods in Empirical Analysis,31,01/13/2025 - 05/09/2025,Tuesday,11:30AM to 2:20PM,NTDP K120,"Quevedo,Ubaldo"
CSCE5310_002,Methods in Empirical Analysis,46,01/13/2025 - 05/09/2025,Monday,5:30PM to 8:20PM,NTDP E266,"Mizaeinia,Amir"
CSCE5310_003,Methods in Empirical Analysis,13,01/13/2025 - 05/09/2025,Thursday,11:30AM to 2:20PM,NTDP B185,"Mizaeinia,Amir"
CSCE5310_004,Methods in Empirical Analysis,19,01/13/2025 - 05/09/2025,Tuesday Thursday,11:30AM to 12:50PM,NTDP E264,"Mosquera Ferrandiz,Fernando"
CSCE5320_001,Scientific Data Visualization,73,01/13/2025 - 05/09/2025,Monday Wednesday,1:00PM to 2:20PM,NTDP K120,"Wang,Haili"
CSCE5320_003,Scientific Data Visualization,70,01/13/2025 - 05/09/2025,Friday,11:30AM to 2:20PM,NTDP E264,"Shah,Sayed Khushal"
CSCE5320_004,Scientific Data Visualization,78,01/13/2025 - 05/09/2025,Monday,5:30PM to 8:20PM,NTDP K120,"Shah,Sayed Khushal"
CSCE5320_005,Scientific Data Visualization,80,01/13/2025 - 05/09/2025,Thursday,11:30AM to 2:20PM,NTDP E266,"Tariq,Zeenat"
CSCE5350_001,Fundamentals of Database Systems,60,01/13/2025 - 05/09/2025,Monday,5:30PM to 8:20PM,NTDP E265,"Dinayadura,Nirosha"
CSCE5350_002,Fundamentals of Database Systems,74,01/13/2025 - 05/09/2025,Thursday,5:30PM to 8:20PM,NTDP B185,"Shah,Sayed Khushal"
CSCE5350_003,Fundamentals of Database Systems,23,01/13/2025 - 05/09/2025,Wednesday,5:30PM to 8:20PM,NTDP E265,"Muthukudage,Jayantha Kumara"
CSCE5350_004,Fundamentals of Database Systems,68,01/13/2025 - 05/09/2025,Tuesday,8:30AM to 11:20AM,NTDP K110,"Hochstetler,Jacob"
CSCE5350_600,Fundamentals of Database Systems,0,01/13/2025 - 05/09/2025,Monday,5:30PM to 8:20PM,NTDP E265,"Dinayadura,Nirosha"
CSCE5370_001,Distributed & Parallel Database Systems,62,01/13/2025 - 05/09/2025,Friday,9:30AM to 12:20PM,NTDP K120,"Oh,Junghwan"
CSCE5370_002,Distributed & Parallel Database Systems,21,01/13/2025 - 05/09/2025,Thursday,5:30PM to 8:20PM,NTDP E265,"Murali,Beddhu"
CSCE5380_001,Data Mining,62,01/13/2025 - 05/09/2025,Monday Wednesday,1:00PM to 2:20PM,NTDP K110,"Eldow,Moawia"
CSCE5380_002,Data Mining,94,01/13/2025 - 05/09/2025,Tuesday Thursday,2:30PM to 3:50PM,NTDP K120,"Eldow,Moawia"
CSCE5430_001,Software Engineering,39,01/13/2025 - 05/09/2025,Saturday,12:30PM to 3:20PM,NTDP E264,"Aljedaani Sr.,Wajdi Mohammed"
CSCE5430_003,Software Engineering,50,01/13/2025 - 05/09/2025,Friday,8:30AM to 11:20AM,NTDP B185,"Aljedaani Sr.,Wajdi Mohammed"
CSCE5430_600,Software Engineering,1,01/13/2025 - 05/09/2025,Friday,8:30AM to 11:20AM,NTDP B185,"Aljedaani Sr.,Wajdi Mohammed"
CSCE5450_001,Programming Languages,14,01/13/2025 - 05/09/2025,Monday Wednesday,2:30PM to 3:50PM,NTDP D207B,"Murali,Beddhu"
CSCE5460_001,Software Testing and Empirical Methodologies,12,01/13/2025 - 05/09/2025,Tuesday Thursday,10:00AM to 11:20AM,NTDP E265,"Jalali,Hamed"
CSCE5460_600,Software Testing and Empirical Methodologies,1,01/13/2025 - 05/09/2025,Tuesday Thursday,10:00AM to 11:20AM,NTDP E265,"Jalali,Hamed"
CSCE5520_001,Wireless Networks and Protocols,65,01/13/2025 - 05/09/2025,Monday,5:30PM to 8:20PM,NTDP K110,"Baba,Asif Iqbal"
CSCE5520_002,Wireless Networks and Protocols,161,01/13/2025 - 05/09/2025,Wednesday,5:30PM to 8:20PM,NTDP K150,"Baba,Asif Iqbal"
CSCE5550_001,Introduction to Computer Security,62,01/13/2025 - 05/09/2025,Tuesday,10:00AM to 12:50PM,NTDP B155,"Zarafshani,Ali"
CSCE5550_002,Introduction to Computer Security,36,01/13/2025 - 05/09/2025,Monday,2:30PM to 5:20PM,NTDP B155,"Hou,Tao"
CSCE5552_001,Cybersecurity Essentials,43,01/13/2025 - 05/09/2025,Saturday,8:30AM to 11:20AM,NTDP E264,"Zarafshani,Ali"
CSCE5555_001,Computer Forensics,14,01/13/2025 - 05/09/2025,Tuesday Thursday,1:00PM to 2:20PM,NTDP B190,"Frenzel,Ervin H"
CSCE5560_001,Secure Electronic Commerce,27,01/13/2025 - 05/09/2025,Wednesday,2:00PM to 4:50PM,BLB   170,"Zarafshani,Ali"
CSCE5560_002,Secure Electronic Commerce,39,01/13/2025 - 05/09/2025,Tuesday,5:30PM to 8:20PM,NTDP E266,"Zarafshani,Ali"
CSCE5562_001,Cloud Security,8,01/13/2025 - 05/09/2025,Monday Wednesday,10:00AM to 11:20AM,NTDP K110,"Tunc,Cihan"
CSCE5565_001,Secure Software Development,21,01/13/2025 - 05/09/2025,Friday,8:30AM to 11:20AM,NTDP K150,"Ben othmane,Lotfi"
CSCE5580_001,Computer Networks,80,01/13/2025 - 05/09/2025,Monday Wednesday,4:00PM to 5:20PM,NTDP K150,"Hochstetler,Jacob"
CSCE5580_002,Computer Networks,60,01/13/2025 - 05/09/2025,Friday,2:30PM to 5:20PM,NTDP E265,"Qiu,Chenxi"
CSCE5580_003,Computer Networks,24,01/13/2025 - 05/09/2025,Tuesday,5:30PM to 8:20PM,NTDP K110,"Wang,Tao"
CSCE5580_004,Computer Networks,22,01/13/2025 - 05/09/2025,Thursday,5:30PM to 8:20PM,NTDP E264,"Mizaeinia,Amir"
CSCE5610_001,Computer System Architecture,28,01/13/2025 - 05/09/2025,Tuesday Thursday,2:30PM to 3:50PM,NTDP E264,"Shu,Tong"
CSCE5610_003,Computer System Architecture,70,01/13/2025 - 05/09/2025,Monday Wednesday,4:00PM to 5:20PM,NTDP K120,"Jiang,Beilei"
CSCE5610_004,Computer System Architecture,44,01/13/2025 - 05/09/2025,Friday,9:00AM to 11:50AM,NTDP F243,"Jiang,Beilei"
CSCE5612_001,Embedded Hardware/Software Design,21,01/13/2025 - 05/09/2025,Tuesday,5:30PM to 8:20PM,NTDP F242,"Pedram,Mahdi"
CSCE5615_001,Networks-on-Chip,13,01/13/2025 - 05/09/2025,Monday Wednesday,10:00AM to 11:20AM,NTDP B192,"Zhao,Hui"
CSCE5650_001,Compiler Design,25,01/13/2025 - 05/09/2025,Monday Wednesday,2:30PM to 3:50PM,NTDP K110,"Maharjan,Amar"
CSCE5740_001,Topics in Modern Electronic System Design,17,01/13/2025 - 05/09/2025,Monday Wednesday,5:30PM to 6:50PM,NTDP B157,"Mohanty,Saraju"
CSCE5820_001,Advances in Bioinformatics,3,01/13/2025 - 05/09/2025,Monday,9:30AM to 12:20PM,NTDP D212,"Bozdag,Serdar"
CSCE5931_001,CSE Seminar,85,01/13/2025 - 05/09/2025,Tuesday,11:30AM to 12:50PM,NTDP K150,"Albert,Mark Vincent"
CSCE5933_003,Topics in Computer Science and Engineering,26,01/13/2025 - 05/09/2025,Wednesday,5:30PM to 8:20PM,NTDP B192,"Hoffman,Mark Desmond"
CSCE5933_004,Topics in Computer Science and Engineering,0,01/13/2025 - 05/09/2025,Thursday,6:00PM to 8:50PM,Cury  210,"Azad,Rajeev Kumar"
CSCE5933_006,Topics in Computer Science and Engineering,5,01/13/2025 - 05/09/2025,Monday,11:00AM to 1:50PM,ART  282,"West,Ruth"
CSCE6280_001,Advanced Topics in Artificial Intelligence,12,01/13/2025 - 05/09/2025,Friday,11:00AM to 1:50PM,NTDP D207B,"Rattani,Ajita"
CSCE6290_001,Advanced Topics in Human/Machine Intelligence,8,01/13/2025 - 05/09/2025,Monday Wednesday,5:00PM to 6:20PM,NTDP D202,"Hartmann,Frederik"
CSCE6420_001,Advanced Topics in Software Engineering,12,01/13/2025 - 05/09/2025,Thursday,11:30AM to 1:30PM,NTDP D207B,"Do,Hyunsook"
CSCE6731_001,Advanced Topics in VLSI Systems,5,01/13/2025 - 05/09/2025,Monday Wednesday,4:00PM to 5:20PM,NTDP D209A,"Mohanty,Saraju"
CSCE6933_002,Advanced Topics in Computer Science and Engineerin,10,01/13/2025 - 05/09/2025,Monday,2:00PM to 4:50PM,NTDP F285,"Tunc,Cihan"
EENG1910_001,Introduction to Electrical Engineering,56,01/13/2025 - 05/09/2025,Thursday,5:30PM to 8:20PM,NTDP B227,"Bailey,Colleen Paige"
EENG2610_001,Circuit Analysis,56,01/13/2025 - 05/09/2025,Tuesday Thursday,2:30PM to 3:50PM,NTDP B140,"Derryberry,Roy Thomas"
EENG2610_002,Circuit Analysis,54,01/13/2025 - 05/09/2025,Monday Wednesday,1:00PM to 2:20PM,NTDP B155,"Rohani,Shahram D"
EENG2610_003,Circuit Analysis,60,01/13/2025 - 05/09/2025,Tuesday Thursday,4:00PM to 5:20PM,NTDP B155,"Bailey,Colleen Paige"
EENG2611_001,Circuit Analysis Lab,30,01/13/2025 - 05/09/2025,Monday,5:30PM to 8:20PM,NTDP B288,"Luyen,Hung Thanh"
EENG2611_002,Circuit Analysis Lab,31,01/13/2025 - 05/09/2025,Wednesday,5:30PM to 8:20PM,NTDP B288,"Wei,Yusheng"
EENG2611_003,Circuit Analysis Lab,30,01/13/2025 - 05/09/2025,Friday,10:00AM to 12:50PM,NTDP B288,"Siu,King man"
EENG2620_001,Signals and Systems,27,01/13/2025 - 05/09/2025,Tuesday Thursday,1:00PM to 2:20PM,NTDP B140,"Derryberry,Roy Thomas"
EENG2621_001,Signals and Systems Lab,27,01/13/2025 - 05/09/2025,Tuesday,5:30PM to 8:20PM,NTDP B227,"Sun,Hua"
EENG2710_001,Digital Logic Design,80,01/13/2025 - 05/09/2025,Tuesday Thursday,10:00AM to 11:20AM,NTDP E266,"Zhan,Lei"
EENG2710_002,Digital Logic Design,40,01/13/2025 - 05/09/2025,Tuesday Thursday,8:30AM to 9:50AM,NTDP E264,"Derryberry,Roy Thomas"
EENG2710_003,Digital Logic Design,43,01/13/2025 - 05/09/2025,Monday Wednesday,8:30AM to 9:50AM,NTDP B155,"Polson,John Thomas"
EENG2710_004,Digital Logic Design,80,01/13/2025 - 05/09/2025,Tuesday,5:30PM to 8:20PM,NTDP E265,"Zhan,Lei"
EENG2710_005,Digital Logic Design,85,01/13/2025 - 05/09/2025,Monday Wednesday,10:00AM to 11:20AM,NTDP B155,"Rohani,Shahram D"
EENG2711_001,Digital Logic Design Lab,30,01/13/2025 - 05/09/2025,Wednesday,5:30PM to 8:20PM,NTDP B207,"Kougianos,Elias"
EENG2711_002,Digital Logic Design Lab,30,01/13/2025 - 05/09/2025,Tuesday,5:30PM to 8:20PM,NTDP B207,"Kougianos,Elias"
EENG2711_003,Digital Logic Design Lab,24,01/13/2025 - 05/09/2025,Wednesday,10:00AM to 12:50PM,NTDP B207,"Kougianos,Elias"
EENG2711_004,Digital Logic Design Lab,26,01/13/2025 - 05/09/2025,Friday,10:00AM to 12:50PM,NTDP B207,"Kougianos,Elias"
EENG2920_001,Analog and Digital Circuit Design Project,24,01/13/2025 - 05/09/2025,Wednesday,1:00PM to 3:50PM,NTDP B207,"Acevedo,Miguel F"
EENG3410_001,Engineering Electromagnetics,37,01/13/2025 - 05/09/2025,Tuesday Thursday,10:00AM to 11:20AM,NTDP B140,"An,Sensong"
EENG3411_001,Engineering Electromagnetics Lab,35,01/13/2025 - 05/09/2025,Tuesday,5:30PM to 8:20PM,NTDP B288,"An,Sensong"
EENG3510_001,Electronics I (Devices and Materials),41,01/13/2025 - 05/09/2025,Tuesday Thursday,4:00PM to 5:20PM,NTDP K110,"Siu,King man"
EENG3511_001,Electronics I Lab,30,01/13/2025 - 05/09/2025,Monday,10:00AM to 12:50PM,NTDP B288,"Kim,Jungkwun"
EENG3520_001,Electronics II,33,01/13/2025 - 05/09/2025,Tuesday Thursday,4:00PM to 5:20PM,NTDP D201,"Park,Hyusim"
EENG3710_001,Computer Organization,32,01/13/2025 - 05/09/2025,Monday Wednesday,4:00PM to 5:20PM,NTDP B227,"Guturu,Parthasarathy"
EENG3810_001,Communications Systems,26,01/13/2025 - 05/09/2025,Tuesday Thursday,11:30AM to 12:50PM,NTDP B227,"Namuduri,Kamesh"
EENG3811_001,Communication Systems Lab,26,01/13/2025 - 05/09/2025,Monday,5:30PM to 8:20PM,NTDP B227,"Namuduri,Kamesh"
EENG3910_001,Embedded System Design Project,31,01/13/2025 - 05/09/2025,Monday,1:00PM to 3:50PM,NTDP B288,"Li,Xinrong"
EENG3920_001,Modern Communication System Design Project,22,01/13/2025 - 05/09/2025,Wednesday,1:00PM to 3:50PM,NTDP B288,"Sun,Hua"
EENG4010_006,Topics in Electrical Engineering,33,01/13/2025 - 05/09/2025,Monday Wednesday,2:30PM to 3:50PM,NTDP K150,"Kim,Jungkwun"
EENG4310_001,Control Systems Design,20,01/13/2025 - 05/09/2025,Tuesday Thursday,4:00PM to 5:20PM,NTDP E264,"Guturu,Parthasarathy"
EENG4320_001,Systems Modeling and Simulation,17,01/13/2025 - 05/09/2025,Tuesday Thursday,2:30PM to 3:50PM,NTDP B227,"Wei,Yusheng"
EENG4450_001,Micro-Electro-Mechanical-Systems (MEMS),15,01/13/2025 - 05/09/2025,Tuesday Thursday,1:00PM to 2:20PM,NTDP D212,"Kaul,Anupama Bhat"
EENG4720_001,Embedded Controller Organization,27,01/13/2025 - 05/09/2025,Tuesday Thursday,4:00PM to 5:20PM,NTDP B140,"Kougianos,Elias"
EENG4760_001,Reconfigurable Computing,20,01/13/2025 - 05/09/2025,Tuesday Thursday,10:00AM to 11:20AM,NTDP B227,"Mehta,Gayatri"
EENG4910_001,Senior Design I,27,01/13/2025 - 05/09/2025,Monday,4:00PM to 5:20PM,NTDP B242,"Fu,Shengli"
EENG4990_001,Senior Design II,30,01/13/2025 - 05/09/2025,Wednesday,4:00PM to 5:20PM,NTDP B242,"Fu,Shengli"
EENG5310_001,Control Systems Design,10,01/13/2025 - 05/09/2025,Tuesday Thursday,4:00PM to 5:20PM,NTDP E264,"Guturu,Parthasarathy"
EENG5310_600,Control Systems Design,3,01/13/2025 - 05/09/2025,Tuesday Thursday,4:00PM to 5:20PM,NTDP E264,"Guturu,Parthasarathy"
EENG5320_001,Systems Modeling and Simulation,27,01/13/2025 - 05/09/2025,Tuesday Thursday,2:30PM to 3:50PM,NTDP B227,"Wei,Yusheng"
EENG5320_600,Systems Modeling and Simulation,1,01/13/2025 - 05/09/2025,Tuesday Thursday,2:30PM to 3:50PM,NTDP B227,"Wei,Yusheng"
EENG5420_001,Antenna Theory and Design,18,01/13/2025 - 05/09/2025,Monday Wednesday,11:30AM to 12:50PM,NTDP B227,"Luyen,Hung Thanh"
EENG5420_600,Antenna Theory and Design,4,01/13/2025 - 05/09/2025,Monday Wednesday,11:30AM to 12:50PM,NTDP B227,"Luyen,Hung Thanh"
EENG5520_001,Design and Testing of Digital Systems,3,01/13/2025 - 05/09/2025,Monday Wednesday,11:30AM to 12:50PM,NTDP B142,"Munoz-coreas,Edgard Ennio"
EENG5550_001,Hardware Design Methodologies for ASICs and FPGAs,12,01/13/2025 - 05/09/2025,Tuesday Thursday,1:00PM to 2:20PM,NTDP B227,"Mehta,Gayatri"
EENG5550_600,Hardware Design Methodologies for ASICs and FPGAs,3,01/13/2025 - 05/09/2025,Tuesday Thursday,1:00PM to 2:20PM,NTDP B227,"Mehta,Gayatri"
EENG5560_001,Reconfigurable Computing,20,01/13/2025 - 05/09/2025,Tuesday Thursday,10:00AM to 11:20AM,NTDP B227,"Mehta,Gayatri"
EENG5560_600,Reconfigurable Computing,0,01/13/2025 - 05/09/2025,Tuesday Thursday,10:00AM to 11:20AM,NTDP B227,"Mehta,Gayatri"
EENG5940_006,Advanced Topics in Electrical Engineering,4,01/13/2025 - 05/09/2025,Monday Wednesday,2:30PM to 3:50PM,NTDP K150,"Kim,Jungkwun"
EENG5940_011,Advanced Topics in Electrical Engineering,26,01/13/2025 - 05/09/2025,Tuesday Thursday,4:00PM to 5:20PM,NTDP B140,"Kougianos,Elias"
EENG5940_601,Advanced Topics in Electrical Engineering,1,01/13/2025 - 05/09/2025,Tuesday Thursday,4:00PM to 5:20PM,NTDP B140,"Kougianos,Elias"
MEEN2110_001,Engineering Data Analysis,57,01/13/2025 - 05/09/2025,Monday Wednesday,8:00AM to 9:20AM,NTDP F175,"Shi,Sheldon Qiang"
MEEN2210_001,Thermodynamics I,60,01/13/2025 - 05/09/2025,Tuesday Thursday,1:00PM to 2:20PM,NTDP E264,"Choi,Tae-Youl"
MEEN2240_001,Programming for Mechanical Engineers,48,01/13/2025 - 05/09/2025,Monday Wednesday,1:00PM to 2:20PM,NTDP F185,"Xu,Yunwei"
MEEN3100_002,Manufacturing Processes,36,01/13/2025 - 05/09/2025,Tuesday,8:30AM to 10:20AM,NTDP K120,"Wasikowski,Mark Edward"
MEEN3100_303,Manufacturing Processes,18,01/13/2025 - 05/09/2025,Monday,2:00PM to 4:50PM,NTDP F162,"Wasikowski,Mark Edward"
MEEN3100_304,Manufacturing Processes,18,01/13/2025 - 05/09/2025,Tuesday,11:00AM to 1:50PM,NTDP F162,"Wasikowski,Mark Edward"
MEEN3110_002,Thermodynamics II,47,01/13/2025 - 05/09/2025,Monday Wednesday,10:00AM to 11:20AM,NTDP B190,"Li,Xiaohua"
MEEN3120_001,Fluid Mechanics,49,01/13/2025 - 05/09/2025,Tuesday Thursday,8:30AM to 9:50AM,NTDP F187,None
MEEN3130_001,Machine Elements,45,01/13/2025 - 05/09/2025,Tuesday Thursday,12:30PM to 1:50PM,NTDP F175,"Qandil,Hassan"
MEEN3210_002,Heat Transfer,49,01/13/2025 - 05/09/2025,Tuesday Thursday,4:00PM to 5:20PM,NTDP E265,"Zhang,Zihao"
MEEN3230_001,System Dynamics & Control,64,01/13/2025 - 05/09/2025,Monday Wednesday,12:30PM to 1:50PM,NTDP F175,"Wasikowski,Mark Edward"
MEEN3240_001,Mechanical and Energy Engineering Laboratory I,45,01/13/2025 - 05/09/2025,Friday,9:30AM to 10:20AM,NTDP B190,"Li,Xiaohua"
MEEN3240_301,Mechanical and Energy Engineering Laboratory I,20,01/13/2025 - 05/09/2025,Monday,11:30AM to 2:20PM,NTDP  F158,"Li,Xiaohua"
MEEN3240_303,Mechanical and Energy Engineering Laboratory I,7,01/13/2025 - 05/09/2025,Tuesday,11:30AM to 2:20PM,NTDP  F158,"Li,Xiaohua"
MEEN3240_305,Mechanical and Energy Engineering Laboratory I,18,01/13/2025 - 05/09/2025,Wednesday,2:30PM to 5:20PM,NTDP  F158,"Li,Xiaohua"
MEEN3242_001,Mechanical and Energy Engineering Laboratory II,47,01/13/2025 - 05/09/2025,Friday,11:30AM to 12:20PM,NTDP E265,None
MEEN3242_301,Mechanical and Energy Engineering Laboratory II,16,01/13/2025 - 05/09/2025,Monday,8:30AM to 11:20AM,NTDP  F158,None
MEEN3242_303,Mechanical and Energy Engineering Laboratory II,2,01/13/2025 - 05/09/2025,Tuesday,2:30PM to 5:20PM,NTDP  F158,None
MEEN3242_304,Mechanical and Energy Engineering Laboratory II,3,01/13/2025 - 05/09/2025,Wednesday,11:30AM to 2:20PM,NTDP  F158,None
MEEN3242_305,Mechanical and Energy Engineering Laboratory II,13,01/13/2025 - 05/09/2025,Thursday,8:30AM to 11:20AM,NTDP  F158,None
MEEN3242_307,Mechanical and Energy Engineering Laboratory II,13,01/13/2025 - 05/09/2025,Friday,2:30PM to 5:20PM,NTDP  F158,None
MEEN3250_001,Numerical Methods for MEE Engineers,45,01/13/2025 - 05/09/2025,Tuesday Thursday,11:30AM to 12:50PM,NTDP F185,"Xu,Yunwei"
MEEN4110_002,Renewable Energy,48,01/13/2025 - 05/09/2025,Tuesday Thursday,10:00AM to 11:20AM,NTDP F183,"Li,Xiaohua"
MEEN4120_001,Aerospace Fundamentals,19,01/13/2025 - 05/09/2025,Tuesday Thursday,2:30PM to 3:50PM,NTDP F175,"Wasikowski,Mark Edward"
MEEN4140_001,Finite Element Analysis,38,01/13/2025 - 05/09/2025,Tuesday Thursday,1:00PM to 2:20PM,NTDP F185,"Xu,Yunwei"
MEEN4140_301,Finite Element Analysis,38,01/13/2025 - 05/09/2025,Friday,1:30PM to 4:20PM,NTDP F185,"Xu,Yunwei"
MEEN4150_001,Mechanical Energy Engineering Systems Design I,25,01/13/2025 - 05/09/2025,Monday Wednesday,10:00AM to 11:20AM,NTDP F175,"Qandil,Hassan"
MEEN4150_301,Mechanical Energy Engineering Systems Design I,6,01/13/2025 - 05/09/2025,Saturday,4:00PM to 6:50PM,NTDP D212,"Qandil,Hassan"
MEEN4150_303,Mechanical Energy Engineering Systems Design I,2,01/13/2025 - 05/09/2025,Saturday,12:30PM to 3:20PM,NTDP D212,"Qandil,Hassan"
MEEN4150_304,Mechanical Energy Engineering Systems Design I,2,01/13/2025 - 05/09/2025,Saturday,8:00AM to 10:50AM,NTDP D207B,"Qandil,Hassan"
MEEN4150_305,Mechanical Energy Engineering Systems Design I,15,01/13/2025 - 05/09/2025,Saturday,9:00AM to 11:50AM,NTDP  D207A,"Qandil,Hassan"
MEEN4250_001,Capstone Design in Mechanical and Energy Engineeri,55,01/13/2025 - 05/09/2025,Monday Wednesday,12:30PM to 1:50PM,NTDP E264,"Qandil,Hassan"
MEEN4250_301,Capstone Design in Mechanical and Energy Engineeri,13,01/13/2025 - 05/09/2025,Saturday,8:00AM to 10:50AM,NTDP D212,"Qandil,Hassan"
MEEN4250_302,Capstone Design in Mechanical and Energy Engineeri,21,01/13/2025 - 05/09/2025,Saturday,11:00AM to 1:50PM,NTDP D202,"Qandil,Hassan"
MEEN4250_303,Capstone Design in Mechanical and Energy Engineeri,9,01/13/2025 - 05/09/2025,Saturday,2:00PM to 4:50PM,NTDP D202,"Qandil,Hassan"
MEEN4250_304,Capstone Design in Mechanical and Energy Engineeri,4,01/13/2025 - 05/09/2025,Saturday,5:00PM to 7:50PM,NTDP D202,"Qandil,Hassan"
MEEN4250_305,Capstone Design in Mechanical and Energy Engineeri,8,01/13/2025 - 05/09/2025,Saturday,8:00AM to 10:50AM,NTDP D202,"Qandil,Hassan"
MEEN4315_001,Nanoscale Energy Transport Process,6,01/13/2025 - 05/09/2025,Tuesday Thursday,2:30PM to 3:50PM,NTDP D212,"Zhang,Zihao"
MEEN4330_001,Introduction to Combustion Science and Engineering,20,01/13/2025 - 05/09/2025,Tuesday Thursday,11:30AM to 12:50PM,NTDP B158,"John,Kuruvilla"
MEEN4490_003,Corrosion Engineering,5,01/13/2025 - 05/09/2025,Monday Wednesday,2:30PM to 3:50PM,NTDP F187,"Nasrazadani,Seifollah"
MEEN4800_049,Topics in Mechanical & Energy Engineering,0,01/13/2025 - 05/09/2025,Tuesday Thursday,4:00PM to 5:20PM,NTDP B158,"Mirshams,Reza A"
MEEN4810_009,Topics in Mechanical & Energy Engineering,32,01/13/2025 - 05/09/2025,Tuesday,6:30PM to 9:20PM,NTDP D201,"Qandil,Hassan"
MEEN4810_013,Topics in Mechanical & Energy Engineering,2,01/13/2025 - 05/09/2025,Tuesday Thursday,4:00PM to 5:20PM,NTDP D202,"Prasad,Vish"
MEEN5140_001,Advanced Mathematical Methods for Engineers,16,01/13/2025 - 05/09/2025,Monday Wednesday,11:30AM to 12:50PM,NTDP D202,"Zhang,Haifeng"
MEEN5140_601,Advanced Mathematical Methods for Engineers,0,01/13/2025 - 05/09/2025,Monday Wednesday,11:30AM to 12:50PM,NTDP D202,"Zhang,Haifeng"
MEEN5200_001,Principles of HVAC,13,01/13/2025 - 05/09/2025,Tuesday,6:30PM to 9:20PM,NTDP D201,"Qandil,Hassan"
MEEN5200_601,Principles of HVAC,0,01/13/2025 - 05/09/2025,Tuesday,6:30PM to 9:20PM,NTDP D201,"Qandil,Hassan"
MEEN5240_001,Energy: A World Perspective,5,01/13/2025 - 05/09/2025,Tuesday Thursday,4:00PM to 5:20PM,NTDP D202,"Prasad,Vish"
MEEN5315_001,Nanoscale Energy Transport,10,01/13/2025 - 05/09/2025,Tuesday Thursday,2:30PM to 3:50PM,NTDP D212,"Zhang,Zihao"
MEEN5315_601,Nanoscale Energy Transport,1,01/13/2025 - 05/09/2025,Tuesday Thursday,2:30PM to 3:50PM,NTDP D212,"Zhang,Zihao"
MEEN5330_001,Combustion Science and Engineering,4,01/13/2025 - 05/09/2025,Tuesday Thursday,11:30AM to 12:50PM,NTDP B158,"John,Kuruvilla"
MEEN5340_001,Advanced Fluid Mechanics,10,01/13/2025 - 05/09/2025,Tuesday Thursday,10:00AM to 11:20AM,NTDP B158,"Sadat,Hamid"
MEEN5800_043,Selected Topics of Contemporary Interest in Mechan,15,01/13/2025 - 05/09/2025,Tuesday Thursday,7:00PM to 8:20PM,NTDP B190,"Yalamanchili,Rattaya Chowdhury"
MEEN5800_046,Selected Topics of Contemporary Interest in Mechan,7,01/13/2025 - 05/09/2025,Tuesday Thursday,1:00PM to 2:20PM,NTDP F119,"Bagcal,Orlando Raza"
MEEN5800_047,Selected Topics of Contemporary Interest in Mechan,8,01/13/2025 - 05/09/2025,Thursday,5:00PM to 7:50PM,BLB   060,"Smatresk,Neal Joseph"
MEEN5800_048,Selected Topics of Contemporary Interest in Mechan,0,01/13/2025 - 05/09/2025,Monday Wednesday,8:30AM to 9:50AM,NTDP F183,"Manzo,Maurizio"
MEEN5800_049,Selected Topics of Contemporary Interest in Mechan,0,01/13/2025 - 05/09/2025,Tuesday Thursday,4:00PM to 5:20PM,NTDP B158,"Mirshams,Reza A"
MEEN5940_001,Graduate Seminar in Mechanical and Energy Engineer,29,01/13/2025 - 05/09/2025,Thursday,11:30AM to 12:20PM,NTDP F175,"Choi,Tae-Youl"
MTSE3000_006,Fundamentals of Materials Science and Engineering,20,01/13/2025 - 05/09/2025,Tuesday Thursday,11:30AM to 12:50PM,NTDP B192,"Srivilliputhur,Srinivasan G."
MTSE3000_007,Fundamentals of Materials Science and Engineering,22,01/13/2025 - 05/09/2025,Tuesday Thursday,8:30AM to 9:50AM,NTDP B158,"Joshi,Sameehan Shrikant"
MTSE3001_001,Fundamentals of Materials Science and Engineering,28,01/13/2025 - 05/09/2025,Tuesday Thursday,8:30AM to 9:50AM,NTDP B190,"Voevodin,Andrey"
MTSE3003_006,Fundamentals of Materials Science and Engineering,10,01/13/2025 - 05/09/2025,Tuesday,2:30PM to 5:20PM,NTDP D209A,"Berman,Diana"
MTSE5020_012,Mechanical Properties of Materials,22,01/13/2025 - 05/09/2025,Monday to Thursday,5:00PM to 6:50PM,NTDP F285,"Williams,James Case"
MTSE5070_001,Tribology of Materials,2,01/13/2025 - 05/09/2025,Tuesday Thursday,11:30AM to 12:50PM,NTDP  D207A,"Berman,Diana"
MTSE5100_006,Fundamental Concepts of Materials Science,1,01/13/2025 - 05/09/2025,Tuesday Thursday,11:30AM to 12:50PM,NTDP B192,"Srivilliputhur,Srinivasan G."
MTSE5100_007,Fundamental Concepts of Materials Science,1,01/13/2025 - 05/09/2025,Tuesday Thursday,8:30AM to 9:50AM,NTDP B158,"Joshi,Sameehan Shrikant"
MTSE5101_001,Fundamentals of Materials Science and Engineering,6,01/13/2025 - 05/09/2025,Tuesday Thursday,8:30AM to 9:50AM,NTDP B190,"Voevodin,Andrey"
MTSE5101_601,Fundamentals of Materials Science and Engineering,0,01/13/2025 - 05/09/2025,Tuesday Thursday,8:30AM to 9:50AM,NTDP B190,"Voevodin,Andrey"
MTSE5210_001,Corrosion and Oxidation of Materials,12,01/13/2025 - 05/09/2025,Tuesday Thursday,2:30PM to 3:50PM,NTDP B190,"Mukherjee,Sundeep, "
MTSE5210_601,Corrosion and Oxidation of Materials,4,01/13/2025 - 05/09/2025,Tuesday Thursday,2:30PM to 3:50PM,NTDP B190,"Mukherjee,Sundeep, "
MTSE5400_030,Advanced Polymer Physics and Chemistry,2,01/13/2025 - 05/09/2025,Monday Wednesday,2:30PM to 3:50PM,NTDP B157,"Li,Xiao"
MTSE5400_630,Advanced Polymer Physics and Chemistry,8,01/13/2025 - 05/09/2025,Monday Wednesday,2:30PM to 3:50PM,NTDP B157,"Li,Xiao"
MTSE5500_008,"Electronic, Optical and Magnetic Materials",14,01/13/2025 - 05/09/2025,Tuesday Thursday,11:30AM to 12:50PM,NTDP B190,"Choi,Wonbong"
MTSE5520_018,Physical and Chemical Basis of Integrated Circuit,6,01/13/2025 - 05/09/2025,Tuesday Thursday,10:00AM to 11:20AM,NTDP D207B,"Mukherjee,Sundeep"
MTSE5520_618,Physical and Chemical Basis of Integrated Circuit,1,01/13/2025 - 05/09/2025,Tuesday Thursday,10:00AM to 11:20AM,NTDP D207B,"Mukherjee,Sundeep"
MTSE5610_005,Fundamentals of Surface and Thin Film Analysis,2,01/13/2025 - 05/09/2025,Tuesday Thursday,1:00PM to 2:20PM,NTDP D202,"El Bouanani,Mohamed"
MTSE5700_009,Seminar in Materials Science and Engineering,19,01/13/2025 - 05/09/2025,Friday,1:00PM to 2:30PM,NTDP K150,"Voevodin,Andrey"
MTSE5710_001,Computational Materials Science,12,01/13/2025 - 05/09/2025,Monday,9:00AM to 11:50AM,NTDP B140,"Du,Jincheng"
MTSE5710_618,Computational Materials Science,3,01/13/2025 - 05/09/2025,Monday,9:00AM to 11:50AM,NTDP B140,"Du,Jincheng"
MTSE5840_001,Invention and Innovation,3,01/13/2025 - 05/09/2025,Monday Wednesday,2:30PM to 3:50PM,NTDP D212,"Mishra,Rajiv Sharan"
MTSE6000_015,Quantum Mechanics for Materials Scientists,1,01/13/2025 - 05/09/2025,Monday Wednesday Friday,12:30PM to 1:20PM,NTDP  D207A,"Aouadi,Samir M"
MTSE6300_006,Phase Transformations,12,01/13/2025 - 05/09/2025,Tuesday,2:30PM to 5:20PM,NTDP  D207A,"Banerjee,Raj"
